Filename,Title,Author,CreationDate,PageCount
10a03.pdf,Report of the Conference of the Parties on its twenty-first session held in Paris from 30 November to 11 December 2015. Addendum. Part two: Action taken by the Conference of the Parties at its twenty-first session,Esmeralda Fratta Dormond di Rickli,2016-02-08 09:12:28+01:00,35
10a02.pdf,Report of the Conference of the Parties on its twenty-first session held in Paris from 30 November to 11 December 2015. Addendum. Part two: Action taken by the Conference of the Parties at its twenty-first session.,Esmeralda Fratta Dormond di Rickli,2016-02-04 11:56:03+01:00,29
03.pdf,Report on the ninth part of the second session of the ADP,UNFCCC,2015-08-11 17:20:54+02:00,8
report.pdf,NA,NA,2023-09-07 14:54:28+00:00,42
02a.pdf,Report of the Subsidiary Body for Scientific and Technological Advice on its forty-second session held in Bonn from 1 to 11 June 2015,w7,2015-07-13 12:14:50+02:00,20
02.pdf,Report on the eighth part of the second session of the Ad Hoc Working Group on the Durban Platform for Enhanced Action (ADP) held in Geneva from 8 to 13 February 2015,UNFCCC,2015-04-02 08:48:02+02:00,8
02a02.pdf,Report of the Subsidiary Body for Scientific and Technological Advice on its forty-second session. Addendum. Draft decision forwarded for consideration and adoption by the CMP,Hoffmann,2015-07-15 15:26:08+02:00,6
10.pdf,Report of the Conference of the Parties on its twenty-first session held in Paris from 30 November to 11 December 2015. Part one: Proceedings,UNFCCC,2016-02-22 14:03:09+01:00,42
10a.pdf,Report of the Subsidiary Body for Implementation on its forty-second session held in Bonn from 1 to 11 June 2015.,Laurence,2015-07-23 14:34:27+02:00,58
05.pdf,Report on the eleventh part of the second session of the Ad Hoc Working Group on the Durban Platform for Enhanced Action (ADP) held in Bonn from 19 to 23 October 2015,UNFCCC,2015-11-20 15:06:21+01:00,8
04.pdf,NA,UNFCCC,2015-02-02 12:40:54+01:00,9
10a01.pdf,Report of the Subsidiary Body for Implementation on its forty-second session held in Bonn from 1 to 11 June 2015. Addendum.  Draft decisions forwarded for consideration and adoption by the COP and the CMP,Bonnie Chiu,2015-07-23 14:41:36+02:00,30
02a01.pdf,Report of the Subsidiary Body for Scientific and Technological Advice at its Forty-second session Addendum 1,Hoffmann,2015-07-15 15:15:56+02:00,6
04a.pdf,Report of the tenth part of the second session of the Ad Hoc Working Group on the Durban Platform for Enhanced Action (ADP) held in Bonn from 31 August to 4 September 2015,UNFCCC,2015-10-09 10:31:27+02:00,8
